event_title,image_filename,notes
Tuki's Early Bird Special,test1.jpg,
Buzz Runners,test2.png,
"Brandon Styles VARIETY SHOW - Comedy, Magic & 60 Impressions!",test3.jpg,
"Trip Down Memory Lane - Brandon Styles 1 Man, 40 Voices",,
Party With The Pirates - Mardi Gras Flotilla Boat Registration,,
2026 Snowbird Hootenanny: Beach Bum Party,,
The Alabama Troubadours,,
OWA Theater Presents: Ronnie Baker Brooks,,
2026 Snowbird Hootenanny: Touchdowns & Hometowns,,
The Duel At OWA: Dueling Pianos,,
Arts & Crafts Festival,,
Yesterday: A Tribute to the Beatles,,
The 77 Experience,,
Mardi Gras Flotilla Captains Meeting,,
Mardi Gras Flotilla sponsored by The Pirates of Lost Treasure,,
Hotel California: The Original Eagles Tribute,,
OWA Theater Presents: Vanessa Collier,,
2026 Snowbird Hootenanny: Mardi Gras Mambo,,
DRAGONFLY PAINTING CLASS,,
Perdido Key Mardi Gras Masquerade Ball,,
Forever Flowers,,
M - 80's,,
Flora-Bama Super Chili Bowl Cook-Off,,
2026 Snowbird Hootenanny: Rock Your Decade,,
Brandon Styles MAGIC SHOW,,
Ana Popovic,,
White Tie Rock Ensemble Presents: American Rock Odyssey,,
